title,link,description,bloggername,bloggerlink,postdate
브라운 톤 남자 <b>틴트 선글라스</b> 나대지 않는 멋이 일품,https://blog.naver.com/innpirit/224181923643,찾았다 &quot;<b>틴트 선글라스</b>를 쓰고 싶습니다!&quot; &quot;조니뎁 간지를 내고 싶어요!!&quot; 하고 렌즈를 상담받았는데... 주의 사항 65%가 짙긴 짙어도 엄연히 &quot;<b>틴트</b>&quot; <b>선글라스</b>이다 그 말인즉슨 눈알이 보인다는 건데 '히히 나... ,고재's 패션 뷰티 블로그,blog.naver.com/innpirit,20260212
요즘 핫한 블러셔st 여자 뿔테안경 투명 <b>틴트선글라스</b> 후기..,https://blog.naver.com/qmfosej/224148575209,"바로 <b>틴트선글라스</b>인데요! 일반 선글라스와는 다르게 쌩얼에 써도 예브게 블러셔 한 것 같은 느낌을 줄... 데일리로 매일 쓰기에는 컬러 선택이 정말 중요하다는 생각이 들었어요 웜톤, 쿨톤 틴트 안경은 색감이... ",뷰티 데일리 @이람님,blog.naver.com/qmfosej,20260116
뭍MUUT 수원역안경 <b>틴트선글라스</b> 안경 보고왔어요,https://blog.naver.com/lucefw/223736713459,안경 선글라스 구경도 하고 왔습니다. 에스컬레이터를 타고 올라가려면 지나칠 수 밖에 없는... 딱 눈에 띄였던 <b>틴트선글라스</b>도 써봤는데 잘 어울렸지만 스스로가 부담스러워서 안되겠다 싶었고 두번째는... ,일상의 행복,blog.naver.com/lucefw,20250124
남자 여자 자외선차단 라운드 사각 투명 뿔테 <b>틴트 선글라스</b>... ,https://blog.naver.com/cjclub9/224182202227,"감각적인 틴트 렌즈가 결합된 가성비 선글라스로, SNS 패션 아이템으로 큰 인기를 끌고 있습니다. 이 제품의 특징을 블로그 리뷰 형식으로 정리해 드릴게요.  투디터 BB557 <b>틴트 선글라스</b> 총평 &quot;선글라스... ",LP◎스탁,blog.naver.com/cjclub9,20260213
브라운<b>틴트선글라스</b> PRADA SPR B15F (feat. 여자선글라스추... ,https://blog.naver.com/2goxozhzh/224075012778,일반적으로는 <b>선글라스</b>의 메인컬러는 블랙이기에 오늘 포스팅에서 보고계시는 프라다의 PR B15F도 블랙컬러가 있지만 이 모델의 톨토이즈 / 브라운<b>틴트</b> 조합이 너무나 예뻐 수많은 패션인플루언서들의... ,FACEDRESS,blog.naver.com/2goxozhzh,20251113
3분만에 정리하는 빅프레임 <b>틴트 선글라스</b> 꼼꼼히 알아보기,https://blog.naver.com/dladkdbf4790/224175834375,"트렌디한 스타일링의 완성, <b>틴트 선글라스</b> 일상 속에서 스타일을 한 단계 높여줄 아이템을 찾고... 데일리룩 #여행준비물 #바캉스룩 #선물추천 #선글라스코디 #틴트렌즈 #얼굴작아보이는선글라스 #1만원대선물",dladkdbf4790님의 블로그,blog.naver.com/dladkdbf4790,20260208
투디터 SAM <b>틴트 선글라스</b> 82% 할인 최저가 구매팁,https://blog.naver.com/key29385/224179635509,"투디터 선글라스 개봉기, 빅 사이즈의 고급스러운 첫인상 투디터 SAM <b>틴트 선글라스</b>를 받아보는 순간 정말 설레었어요. 박스를 열어보니 선글라스가 부드러운 천으로 감싸져 있었고, 렌즈의 틴트 컬러가 정말... ",key29385님의 블로그,blog.naver.com/key29385,20260211
포나인즈 F-51NP<b>틴트 선글라스</b>를 자이스 클리어뷰 렌즈로... ,https://blog.naver.com/zenview/224062210423,"9, Four Nines)의 인기 모델 F-51NP <b>틴트 선글라스</b>를 고객님 맞춤 안경으로 새롭게 가공한 사례를 소개드립니다. 고급스러운 역R 힌지입니다  렌즈 탈거 및 가공 과정 틴트 렌즈로 구성된 기존 선글라스를... ",젠뷰안경,blog.naver.com/zenview,20251102
"골프선글라스 후기, 여자 <b>틴트 선글라스</b> 추천 자외선차단... ",https://blog.naver.com/hanbitnuri/223438153865,"골프선글라스 후기, 여자 <b>틴트 선글라스</b> 추천 자외선차단 마스카 선글라스브랜드 골프에 입문한지 3년 차가 된 멜로래빗입니다 1년 중 5월이 자외선 지수가 가장 강한 것 알고 계세요? 유리창도 뚫는다는... ",멜로래빗의 패션뷰티,blog.naver.com/hanbitnuri,20240506
"카린 로이스트S <b>선글라스</b>, 가벼운 <b>틴트</b> 변색렌즈 <b>선글라스</b> 후기",https://blog.naver.com/yangeunb/223894402566,"실내에선 틴트, 야외에선 변색으로 짙어지는 #변색선글라스 라서 꼈다 뺐다 하지 않아도 된다는 점!... ㅎㅎ 실내에서는 #<b>틴트선글라스</b> 로 반투명하게 색감이 느껴지는 렌즈 실외로 나가면 짙은 색으로 변하는... ",은비의 블로썸 뷰티 & 패션✨,blog.naver.com/yangeunb,20250610
"무테안경, <b>틴트선글라스</b> 안경피팅 편하게 해볼 수 있는... ",https://blog.naver.com/kuroinu92/223950553960,"핑크색 <b>틴트</b>까지 다양하게 있었고, 무광 프레임이나 얇은 메탈 프레임과 조합된 제품들까지 있더라고요. 실제로 착용해 보면 시야도 편하고, 일반 <b>선글라스</b>처럼 너무 막힌 느낌이 아니라 일상복에도 은근히... ",‘마른체형’ 남자 코디 아카이브,blog.naver.com/kuroinu92,20250729
금자안경 <b>틴트 선글라스</b> KS시리즈 구미 윤선생네 feat.... ,https://blog.naver.com/eyedear_gumi/224031709896,"금자안경 <b>선글라스</b> KS <b>선글라스</b> 라인들의 특징은 <b>틴트</b> 색상의 렌즈가 들어있어 너무 진하지 않고 트렌디한 느낌으로 착용하실 수 있고, <b>틴트</b> 렌즈를 빼고 투명 렌즈를 넣어 안경이나 색을 진하게... ",윤선생네,blog.naver.com/eyedear_gumi,20251004
동남아 여행준비물 자외선차단 1만원대 <b>틴트 선글라스</b>,https://blog.naver.com/bodoru/223840437212,믿기힘든 가격에 놀라운 퀄리티 투디터 <b>틴트 선글라스</b> 동남아 여행준비물 자외선차단 1만원대 선글라스 자외선 차단 99% 되는 선글라스 1만원대 가성비 선글라스 프리미엄케이스 + 유저블 가방 추가 선택 가능... ,보돌 또 어디가?,blog.naver.com/bodoru,20250420
"<b>선글라스</b> 추천 자외선차단 가성비 <b>틴트</b> 투디터 여자, 남자 착샷!",https://blog.naver.com/juhye__/223918077316,선글라스 추천 하면서 투디터를 꼽았는지 알겠죠? 사실.. 이건 가심비에 더 가깝다 제품력이 가격대비 정말 탄탄했던 편 그럼 <b>틴트 선글라스</b> 각 컬러별로 착용샷 좀 더 자세히 보여드릴게요 ㅎㅎ 블루틴트는... ,줴 :D 나만의 스타일,blog.naver.com/juhye__,20250701
이현이 <b>틴트 선글라스</b> 안경 셀럽들이 선택하는 이유는,https://blog.naver.com/sgt0090/223776360944,"이현이 <b>틴트 선글라스</b> 안경 후기도 진짜 많은데 아무래도 디자인도 진짜 예쁘고 착용했을 때 정말 가볍다고 하니까 데일리로 사용하기 딱 좋겠더라고요 ! 브라운틴트랑 블루틴트, 블랙 저는 이렇게 3가지를... ",뎐이의 소소한 일상 : ),blog.naver.com/sgt0090,20250227
리에티 RIETI 여자 <b>틴트 선글라스</b> 추천 ROSSI 성수동쇼룸... ,https://blog.naver.com/qkrwls7510/223923902943,싶을 때가 있어서 고민이었는데 이럴 때 은은한 색감의 <b>틴트 선글라스</b>가 딱 대체안이 되더라고요. 요즘 저의 데일리 아이웨어로 자리 잡은 리에티 Rieti 선글라스! 여름 데일리룩과 함께 소개해 드릴게요... ,박제이의 어서옷쇼,blog.naver.com/qkrwls7510,20250706
"예능 '굿데이' 지드래곤(지디) 패션 <b>틴트 선글라스</b>, 레이밴... ",https://blog.naver.com/syjmsa01/223776547651,"지드래곤이 선택한 <b>틴트 선글라스</b>! RayBan RB3025 소개 자, 그럼! 오늘 살펴 볼 지드래곤 선글라스 RB3025... 클래식한 디자인과 감각적인 스타일로 오랫동안 사랑받아온 레이밴 RB3025를 지드래곤은 틴트 렌즈를 넣어... ","부산 최고 검안시스템 안경원, 아이젠트리 본점",blog.naver.com/syjmsa01,20250227
2025 최고의 블루<b>틴트 선글라스</b> : Framemontnan FM28,https://blog.naver.com/story5500/223956489805,무채색 중심의 겨울 패션 위에 블루 틴트 하나 얹히면 전체적인 스타일이 한층 세련되게... 렌즈가 더해진 선글라스는 또 다른 매력으로 다가온다. 달선생안경 :) #블루<b>틴트선글라스</b> #프레임몬타나FM28,달선생,blog.naver.com/story5500,20250802
<b>틴트 선글라스</b>와 클립까지 성수동 팝업스토어 6월에 꼭 가야 해,https://blog.naver.com/hodduk32/223884192005,여름 악세사리 추천하면 먼저 떠오르는 게 바로 선글라스죠. 그중에서도 <b>틴트 선글라스</b>는... 호크는 틴트렌즈 뿐만 아니라 클립 선글라스까지 이번에 볼 수 있어 여러분의 지갑을 더욱 가만두지 않을 거예요.... ,신발 & 안경 컬렉터 호떡,blog.naver.com/hodduk32,20250531
얼굴 소멸! 83% 역대급 할인 오버사이즈 <b>틴트 선글라스</b> 득템 찬스,https://blog.naver.com/richway_mk/224179972733,"가볍고 스타일리시한 <b>틴트 선글라스</b> 이 선글라스의 가장 큰 매력은 바로 '가벼움'입니다. 오버사이즈... 뿔테 디자인은 클래식하면서도 세련된 느낌을 주며, 블랙, 브라운, 블루 틴트 컬러는 어떤 스타일에도 잘... ",젊은부자를 향해,blog.naver.com/richway_mk,20260211
투디터 <b>틴트 선글라스</b> 여행짐쌀때 꼭 챙겨가요!,https://blog.naver.com/milky_min/223663020049,때도 선글라스는 가방에 넣어서 항상 가지고 다니는지라 튼튼한 케이스가 꼭 필요했거든요. 선물케이스와 기본으로 함께 배송되는 검정 케이스 심플하죠? 디자인 뿔테 <b>틴트 선글라스</b> 중에서도 많이 두껍지... ,당히의 취향탐구,blog.naver.com/milky_min,20241116
<b>틴트 선글라스</b> 트렌디한 명품 뿔테로 이만한 게 없죠!,https://blog.naver.com/omysunglass_/223816262206,"때문인데, 틴트 렌즈 선글라스도 마찬가지죠. 패션의 선두 주자라고 할 수 있는 제니 님, 지디 님의 요즘 스타일링을 보아도 <b>틴트 선글라스</b>를 애용하는 모습이 자주 포착되면서 올해 2025 S/S 패션 필수템으로... ",오마이선글라스,blog.naver.com/omysunglass_,20250331
겨울철 부담스럽지 않은 포인트 <b>틴트 선글라스</b>.,https://blog.naver.com/pjhchu70/224164118533,되는데요 선글라스 색상이 70~85%농도의 진하기라면 틴트는 20~40% 진하기라고 보시면 되겠네요. 위의... 이런 단점이 있는데도 <b>틴트 선글라스</b>를 찾으시는 이유는 당연히 '이쁘다.' 입니다. 화사함과 얼굴에... ,부산대 안경홀릭,blog.naver.com/pjhchu70,20260129
칼자이스 클리어뷰 렌즈 추천하는 이유(<b>틴트 선글라스</b>는... ,https://blog.naver.com/dear_nabom/223974287372,"케미 디지털컬러 CMB 40%단색 넌어글리 - 오브젝트 투 C2 연브라운 <b>틴트선글라스</b> 같은 컬러를 원하셨던... 컨설팅에따라 만족도가 달라질 수 있답니다. 부산 나봄안경원에서 편한 안경, 선글라스 상담하세요.",부산 나봄안경원 : 내가 보는 세상이 따뜻해지도록,blog.naver.com/dear_nabom,20250818
<b>틴트</b> 렌즈 <b>선글라스</b> 도수 가공 전문점! 구미 윤선생네 feat.... ,https://blog.naver.com/eyedear_gumi/223940614534,"착용하고계시는데 <b>틴트선글라스</b>도 그 중에 속해있습니다. 선글라스를 처음 선택하실때부터 틴트 렌즈로 되어있는 제품들도 있지만, 모든 선글라스들이 그렇지 않고 틴트 렌즈로 되어있는 제품이 내 마음에... ",윤선생네,blog.naver.com/eyedear_gumi,20250720
속 선글라스는 ? 룩옵티컬... 연예인 명품 스퀘어 <b>틴트 선글라스</b>,https://blog.naver.com/aapron/224094296497,지드래곤 공항패션 지디 사복 패션 속 선글라스는 ? 셀린느 남자 연예인 명품 스퀘어 <b>틴트 선글라스</b> 안녕하세요 프론입니다 ! 최근 지드래곤이 해외 일정 참석을 위해 인천 국제공항을 나섰는데요 ~ 이 날... ,톡톡튀는 스타일,blog.naver.com/aapron,20251201
"[입고] 실내는 <b>틴트</b>, 야외는 <b>선글라스</b>! 카린 ROIST S 변색... ",https://blog.naver.com/zenview/223936167526,#카린 #카린선글라스 #카린ROIST #ROISTS #<b>틴트선글라스</b> #변색선글라스 #포토크로믹선글라스 #그레이틴트 #블랙콤비선글라스 #데일리선글라스 #운전선글라스 #출근선글라스 #도수선글라스가능 #고도수선글라스... ,젠뷰안경,blog.naver.com/zenview,20250716
명품<b>선글라스</b> 추천 여자 남자 샤넬 커플 <b>틴트</b>,https://blog.naver.com/suyako/223959098774,"틴트 명품선글라스 레퍼런스5541 1799/7, A71676 X08101 S7997 제가 공홈에서 보자마자 반한 <b>틴트선글라스</b>... 블랙인데도 틴트 렌즈라서 그런지 뭔가 얼굴의 톤을 잡아줄것 같아서 요런 선글래스 참 귀여운것... ",이기적인 호갱님의 화장대'-'♡인간화장품테스터,blog.naver.com/suyako,20250805
유니클로 <b>틴트선글라스</b> 추천! 가벼운데 가성비까지 좋아,https://blog.naver.com/welove284/223957661882,"가벼운 선글라스 찾는다면? 유니클로 <b>틴트선글라스</b> 추천! 요즘 햇빛이 강해서 외출할 때 선글라스를 항상 챙기고 있는데요. 까만 선글라스는 이미 있어서, 실내에서도 부담 없이 쓰고 있을 수 있는... ",하이듀의 슬기로운 뷰티생활,blog.naver.com/welove284,20250803
"카키 <b>틴트</b> UV 자외선차단 <b>선글라스</b>, 가성비 따져보기",https://blog.naver.com/swd508--si/224176519198,카키 <b>틴트 선글라스</b>의 특징 햇살이 강렬한 날씨에는 눈 건강을 지키는 아이템이 필수죠.카키 틴트 색상은 눈의 피로를 덜어주는 데 도움을 주어 UV 선글라스 추천 정보를 찾는 분들께 유용해요. 시력 보호를... ,swd508--si님의 블로그,blog.naver.com/swd508--si,20260209
젠틀몬스터 칸트 <b>선글라스</b> <b>틴트</b> 렌즈로 스타일리쉬 하게,https://blog.naver.com/dlwlqk/224020777586,블루 틴트 렌즈를 사용해 일반적인 선글라스와는 다른 느낌을 줍니다 콧받침은 인체공학적으로... 3mm로 가로로 긴 형태의 <b>틴트 선글라스</b> 제품인데요 UV 99.9% 차단 렌즈를 사용하여 강한 햇볕에도 안정적인... ,행복한세상의댕댕이씨,blog.naver.com/dlwlqk,20250925
No.1 남자 <b>틴트 선글라스</b> : 가렛라이트 DOC,https://blog.naver.com/story5500/223994214188,전형적인 에비에이터 선글라스는 의외로(?) 우리 한국인 얼굴형에 잘 어울리지 않는 경우가 많다. 하지만 가렛라이트 DOC는 비교적 소화하기가 쉬운 타입이라 남자 <b>틴트 선글라스</b>로 강력 추천하는 것.... ,달선생,blog.naver.com/story5500,20250903
"감성 안경점, “뭍 MUUT&quot;에서 <b>틴트 선글라스</b> 커스터마이징",https://blog.naver.com/nnpassion/223806671018,"<b>틴트 선글라스</b>는 사계절 내내 착용 가능하고 자외선 차단 기능이 있으면서도 가볍게 쓸 수 있어 활용도가 아주 높다 특히 운전할 때 유용한데, 일반 선글라스는 터널에 들어가면 어두워 불편한 반면, 틴트는... ",Momentum,blog.naver.com/nnpassion,20250323
"투디터 <b>틴트 선글라스</b>, 자외선차단 까지 잡은 대구선글라스... ",https://blog.naver.com/dudwls8546/223943475457,"2DITOR 선글라스 리뷰 요즘 거리 걷다 보면 유독 자주 보이는 스타일리시한 <b>틴트 선글라스</b>, 딱 봐도 감성 충만한 오렌지빛 틴트에 깔끔한 블랙 프레임. 무심한 듯 멋있게 걸쳐주면 룩이 확 살아나는 그 선글라스... ",오제이,blog.naver.com/dudwls8546,20250723
레트로 무드 제대로! 남녀공용 <b>틴트 선글라스</b> SG68 추천!,https://blog.naver.com/hbg2004/223923682495,"제품 정보 제품명 : <b>틴트선글라스</b> SG68 렌즈종류 : 틴트렌즈 렌즈컬러 : 블루(Blue) 프레임형태 : 원형 무게 : 26.1g 가격 : 11,900원 SG68, 어떤 선글라스인가요? SG68 모델은 레트로 무드가 매력적인, 딱 기본 쉐입의... ",한딩이 패션 스타일 일기,blog.naver.com/hbg2004,20250706
유행 없이 평생 쓸 <b>틴트 선글라스</b> 브랜드 추천,https://blog.naver.com/hodduk32/223904962696,"안경들이 틴트 컬러가 들어간 <b>틴트 선글라스</b>로 태어나 빈티지한 무드는 그대로 남아있으면서 다른 선글라스 브랜드와는 다른 클래식한 멋을 보여주고 있습니다. 그린, 옐로, 블루, 그레이 등 렌즈 컬러가... ",신발 & 안경 컬렉터 호떡,blog.naver.com/hodduk32,20250619
"가벼움과 스타일을 모두 갖춘 <b>틴트 선글라스</b>, 오버사이즈... ",https://blog.naver.com/1005414/224180550006,"블루 <b>틴트 선글라스</b>를 착용하면서 상당한 자외선 차단 성능을 직접 경험했습니다. 햇볕이 강한 날 외출할 때 이 선글라스를 착용하니 눈이 편안함을 느끼며, 특히 블루 틴트가 시각적인 피로를 줄여줍니다.... ",1005414님의 블로그,blog.naver.com/1005414,20260211
긱시크룩 완성 <b>틴트선글라스</b> 브랜드 3가지 추천,https://blog.naver.com/miss_ula/223815857426,선글라스에 손이 가는 것이 사실인데요. 긱시크룩에 어울리는 아이템이 무엇일까 생각하다 아무래도 안경이 아닐까하는 생각이 들다가 틴트가 들어가 썬글도 너무 좋겠다고 생각이 번뜩 <b>틴트선글라스</b>... ,울라양의코디하자,blog.naver.com/miss_ula,20250331
"20대 남자를 위한 <b>틴트 선글라스</b> 추천, 자외선 차단부터... ",https://blog.naver.com/whtmdwo13/223945165584,"03 20대 남자를 위한 스타일링 팁 트랜디한 틴트 남자 선글라스 20대 남자라면 캐주얼한 룩에도, 포멀한 룩에도 잘 어울리는 <b>틴트 선글라스</b>를 선택해 보세요. 얼굴형에 맞는 프레임과 렌즈 컬러를 고르는 것도... ",안경,blog.naver.com/whtmdwo13,20250724
<b>틴트 선글라스</b> 추천 오버사이즈 가성비 투디터 2DITOR 자외선... ,https://blog.naver.com/jin0oo/223821337148,"<b>틴트 선글라스</b> 추천 특히 제가 선택한 투디터230 틴트 자외선 차단 선글라스 올블랙은 세련된 디자인과 UV 차단 기능을 갖추고 있었고, 무엇보다도 부담 없는 가격으로 접근할 수 있었습니다. 자외선 차단 솔직히... ",하이스타,blog.naver.com/jin0oo,20250403
"투디터 <b>틴트 선글라스</b>, 실패 없는 선택",https://blog.naver.com/offseson18087/224167062458,특히 투명한 느낌이 감도는 틴트 렌즈는 실내에서도 시야가 답답하지 않아 활용도가 무척 높아요.너무... 눈보호 #가성비선글라스 #2DITOR #블루<b>틴트선글라스</b> #브라운<b>틴트선글라스</b> #패션아이템 #<b>틴트선글라스</b>추천,offseson18087님의 블로그,blog.naver.com/offseson18087,20260201
자외선차단 걱정없는 나인어코드 <b>틴트선글라스</b> (feat.... ,https://blog.naver.com/atlas0820/223990302894,공항패션으로 나인어코드선글라스 중 2025 신상인 Horn RAPHA <b>틴트선글라스</b>를 착용하셨는데요. 옐로우틴트 렌즈가 들어간 <b>틴트선글라스</b> 혼 라파를 착용하시면서 귀여운 공항패션의 완성도를 높인... ,나인어코드 공식 블로그,blog.naver.com/atlas0820,20250831
"통역사 집안 딸 안현모, 42세 안 믿기는 <b>틴트 선글라스</b> 스타일링",https://blog.naver.com/ghtjd1647/224177531115,"도움이 되셨다면 공감(♥) 한 번 눌러주시고, 이웃 추가로 다음 패션 이야기들도 함께해 주세요  함께 보면 좋은 글 &quot; &quot; #안현모 #안현모근황 #<b>틴트선글라스</b> #선글라스스타일 #꾸안꾸패션 #미니멀룩 #지적패션... ",HoHo's fashion,blog.naver.com/ghtjd1647,20260210
젠틀몬스터 <b>틴트 선글라스</b>가 궁금하다면?,https://blog.naver.com/leslhl/223840317815,선글라스예요! 전 개인적으로 살짝 포인트 있으면서 무난하게 쓰기엔 누메르가 딱 좋다고 생각해요 누메르 01(G) 입니다 블랙 아세테이트 프레임에 그레이 틴트렌즈 조합이예요! 컬러감 있는 <b>틴트 선글라스</b>... ,은수리마수리♡선글라스할인쿠폰발급중 ♥,blog.naver.com/leslhl,20250420
오버사이즈 블랙 브라운 블루 <b>틴트 선글라스</b> 구매 후 느낀 점,https://blog.naver.com/ghkdgusxo8127/224178278099,"블루 <b>틴트 선글라스</b> 추천 특장점과 가격 할인 정보 여름철 필수 아이템인 선글라스는 단순한 패션... 특히 이 모델은 블랙, 브라운, 블루 틴트의 세 가지 색상 옵션을 제공하여 다양한 스타일에 쉽게 매치할 수... ",ghkdgusxo8127님의 블로그,blog.naver.com/ghkdgusxo8127,20260210
"카린 선글라스 로이스트S 변색렌즈 <b>틴트 선글라스</b>로 실내, 실외... ",https://blog.naver.com/2ndtori/223901969981,컬러의 틴트 렌즈랍니다 :) 카린(CARIN)은 모던한 감성을 베이스로 감성적인 디테일과 트렌디한 디자인을... 카린 선글라스! 변색렌즈 <b>틴트 선글라스</b>는 처음인데 오... 어색함 별로 없었고요~~ 야외로 나오니... ,::beauty.fashion.travel ::,blog.naver.com/2ndtori,20250617
3분 만에 정리하는 오버사이즈 <b>틴트 선글라스</b> 핵심 포인트,https://blog.naver.com/evsive40995/224175799026,"특히 블루 틴트 렌즈는 여름철 시원한 분위기를 연출하는 데 탁월하며, 실내외에서 답답함 없이 시야를... 운전용선글라스 #블루<b>틴트선글라스</b> #브라운선글라스 #블랙선글라스 #패션액세서리 #선글라스고르는법... ",evsive40995님의 블로그,blog.naver.com/evsive40995,20260208
<b>틴트 선글라스</b> 자외선차단 브랜드 추천!,https://blog.naver.com/omysunglass_/223983688507,"블루 틴트만큼 효과적인 선택은 없죠!  오늘 소개할 세 가지 <b>틴트 선글라스</b> 중 첫 번째 주인공, 브리즈비 01(BL). 오마이선글라스에서 직접 확인해보시고, 쿨한 무드를 준비해보세요! 구매링크 두번째 선글라스... ",오마이선글라스,blog.naver.com/omysunglass_,20250827
쿠버08 COUVER 탑브릿지 하이브릿지 안경 <b>틴트선글라스</b>,https://blog.naver.com/eye_ground/224182600729,사진과 같이 은은한 <b>틴트</b> 렌즈를 넣어도 잘 어울리며 변색렌즈를 활용해 실외에서는 <b>선글라스</b> 실내에서는 안경으로 활용해도 좋은 쉐입입니다. 부드러운 이미지나 심플한 디자인은 아니어서 이런 부류를... ,아이그라운드안경 송도,blog.naver.com/eye_ground,20260213
오버사이즈 <b>선글라스</b> 써보니 가볍고 <b>틴트</b> 색감까지 딱 좋아서... ,https://blog.naver.com/eu3ozn/224180250460,"가볍고 멋진 선글라스 찾다가 요즘 일찍 해가 쨍쨍해서 선글라스가 꼭 필요했거든요. 그래서 가볍고 부담 없이 쓸 수 있는 걸 찾다가 빅프레임 <b>틴트 선글라스</b>를 샀어요. 블랙부터 브라운, 블루까지 틴트 컬러가... ",솔로 만년,blog.naver.com/eu3ozn,20260211
